	taxonomy
TACGTAGGTCCCGAGCGTTGTCCGGATTTATTGGGCGTAAAGCGAGCGCAGGTGGTTTAATAAGTCTGATGTAAAAGGCAGTGGCTCAACCATTGTGTGCATTGGAAACTGTTAGACTTGAGTGCAGTAGAGGAGAGTGGAATTCCATGT	d__Bacteria;p__Firmicutes;c__Bacilli;o__Lactobacillales;f__Streptococcaceae;g__Lactococcus
TACGAAGGGTGCAAGCGTTACTCGGAATTACTGGGCGTAAAGCGTGCGTAGGTGGTCGTTTAAGTCCGTTGTGAAAGCCCTGGGCTCAACCTGGGAACTGCAGTGGATACTGGGCGACTAGAATGTGGTAGAGGGTAGCGGAATTCCTGG	"d__Bacteria;p__""Proteobacteria"";c__Gammaproteobacteria;o__Xanthomonadales;f__Xanthomonadaceae;g__Stenotrophomonas"
TACGGAGGATCCGAGCGTTATCCGGATTTATTGGGTTTAAAGGGAGCGTAGGTGGACAGTTAAGTCAGTTGTGAAAGTTTGCGGCTCAACCGTAAAATTGCAGTTGATACTGGCTGTCTTGAGTACAGTAGAGGTGGGCGGAATTCGTGG	"d__Bacteria;p__""Bacteroidetes"";c__""Bacteroidia"";o__""Bacteroidales"";f__Bacteroidaceae;g__Bacteroides"
TACAGAGGGTGCAAGCGTTAATCGGAATTACTGGGCGTAAAGCGCGCGTAGGTGGTTTGTTAAGTTGGATGTGAAATCCCCGGGCTCAACCTGGGAACTGCATTCAAAACTGACTGACTAGAGTATGGTAGAGGGTGGTGGAATTTCCTG	"d__Bacteria;p__""Proteobacteria"";c__Gammaproteobacteria;o__Pseudomonadales;f__Pseudomonadaceae;g__Pseudomonas"
TACGTAGGTGGCAAGCGTTGTCCGGAATTATTGGGCGTAAAGCGCTCGCAGGCGGTCTTTTAAGTCTGATGTGAAAGCCCACGGCTTAACCGTGGAGGGTCATTGGAAACTGGAGGACTTGAGTACAGAAGAGGAGAGTGGAATTCCACG	d__Bacteria;p__Firmicutes;c__Bacilli;o__Bacillales;f__Bacillaceae 2
TACAGAGGGTGCAAGCGTTAATCGGAATTACTGGGCGTAAAGCGCGCGTAGGTGGTTTGTTAAGTTGAATGTGAAATCCCCGGGCTCAACCTGGGAACTGCATCCAAAACTGGCAAGCTAGAGTATGGTAGAGGGTAGTGGAATTTCCTG	"d__Bacteria;p__""Proteobacteria"";c__Gammaproteobacteria;o__Pseudomonadales;f__Pseudomonadaceae;g__Pseudomonas"
TACAGAGGGTGCGAGCGTTAATCGGATTTACTGGGCGTAAAGCGTGCGTAGGCGGCTTATTAAGTCGGATGTGAAATCCCCGAGCTTAACTTGGGAATTGCATTCGATACTGGTGAGCTAGAGTATGGGAGAGGATGGTAGAATTCCAGG	"d__Bacteria;p__""Proteobacteria"";c__Gammaproteobacteria;o__Pseudomonadales;f__Moraxellaceae;g__Acinetobacter"
TACGTAGGTGGCAAGCGTTGTCCGGAATTATTGGGCGTAAAGGGCTCGCAGGCGGTTTCTTAAGTCTGATGTGAAAGCCCCCGGCTCAACCGGGGAGGGTCATTGGAAACTGGGAAACTTGAGTGCAGAAGAGGAGAGTGGAATTCCACG	d__Bacteria;p__Firmicutes;c__Bacilli;o__Bacillales;f__Bacillaceae 1
TACGGAGGATGCGAGCGTTATCCGGATTTATTGGGTTTAAAGGGTGCGTAGGTGGTTTTTTAAGTCAGCGGTGAAAGTTTGTGGCTCAACCATAAAATTGCCGTTGAAACTGGGGAACTTGAGTATATTTGAGGTAGGCGGAATGCGTGG	"d__Bacteria;p__""Bacteroidetes"";c__""Bacteroidia"";o__""Bacteroidales"";f__""Porphyromonadaceae"";g__Parabacteroides"
TACGGAGGGTGCAAGCGTTATCCGGATTTATTGGGTTTAAAGGGTCCGTAGGCGGACTGATCAGTCAGTGGTGAAATCCTATCGCTTAACGATAGAACTGCCATTGATACTGTTAGTCTTGAATTAGTTTGAAGTGGCTGGAATGTGTAG	"d__Bacteria;p__""Bacteroidetes"";c__Flavobacteriia;o__""Flavobacteriales"";f__Flavobacteriaceae"
TACGTAGGGCGCGAGCGTTGTCCGGAATTATTGGGCGTAAAGAGCTTGTAGGCGGTTTGTCGCGTCTGCTGTGAAAGGCCGGGGCTTAACTCCGTGTATTGCAGTGGGTACGGGCAGACTAGAGTGCAGTAGGGGAGACTGGAATTCCTG	"d__Bacteria;p__""Actinobacteria"";c__Actinobacteria;o__Actinomycetales;f__Micrococcaceae;g__Rothia"
TACGTAGGGGACAAGCGTTGTCCGGAATGACTGGGCGTAAAGGGCGCGTAGGCGGTCTATTAAGTCTGATGTGAAAGGTACCGGCTCAACCGGTGAAGTGCATTGGAAACTGGTAGACTTGAGTATTGGAGAGGCAAGTGGAATTCCTAG	d__Bacteria;p__Firmicutes;c__Clostridia;o__Clostridiales;f__Eubacteriaceae;g__Eubacterium
TACGTAGGGGGCAAGCGTTATCCGGATTTACTGGGTGTAAAGGGAGCGTAGACGGCATGACAAGCCAGATGTGAAAACCCAGGGCTCAACCCTGGGACTGCATTTGGAACTGCCAGGCTGGAGTGCAGGAGAGGTAAGCGGAATTCCTAG	d__Bacteria;p__Firmicutes;c__Clostridia;o__Clostridiales;f__Lachnospiraceae;g__Eisenbergiella
